DATAFLOW,LAST UPDATE,freq,quantile,indic_il,currency,geo,TIME_PERIOD,OBS_VALUE,OBS_FLAG
ESTAT:ILC_DI01$DEFAULTVIEW(1.0),10/05/23 23:00:00,A,Q3,TC,EUR,AL,2017,2755,
ESTAT:ILC_DI01$DEFAULTVIEW(1.0),10/05/23 23:00:00,A,Q3,TC,EUR,AL,2018,2982,
ESTAT:ILC_DI01$DEFAULTVIEW(1.0),10/05/23 23:00:00,A,Q3,TC,EUR,AL,2019,3331,
ESTAT:ILC_DI01$DEFAULTVIEW(1.0),10/05/23 23:00:00,A,Q3,TC,EUR,AL,2020,3749,
ESTAT:ILC_DI01$DEFAULTVIEW(1.0),10/05/23 23:00:00,A,Q3,TC,EUR,AT,2013,29520,
ESTAT:ILC_DI01$DEFAULTVIEW(1.0),10/05/23 23:00:00,A,Q3,TC,EUR,AT,2014,30847,
ESTAT:ILC_DI01$DEFAULTVIEW(1.0),10/05/23 23:00:00,A,Q3,TC,EUR,AT,2015,31124,
ESTAT:ILC_DI01$DEFAULTVIEW(1.0),10/05/23 23:00:00,A,Q3,TC,EUR,AT,2016,31459,
ESTAT:ILC_DI01$DEFAULTVIEW(1.0),10/05/23 23:00:00,A,Q3,TC,EUR,AT,2017,33170,
ESTAT:ILC_DI01$DEFAULTVIEW(1.0),10/05/23 23:00:00,A,Q3,TC,EUR,AT,2018,33459,
ESTAT:ILC_DI01$DEFAULTVIEW(1.0),10/05/23 23:00:00,A,Q3,TC,EUR,AT,2019,34323,
ESTAT:ILC_DI01$DEFAULTVIEW(1.0),10/05/23 23:00:00,A,Q3,TC,EUR,AT,2020,35653,
ESTAT:ILC_DI01$DEFAULTVIEW(1.0),10/05/23 23:00:00,A,Q3,TC,EUR,AT,2021,36118,
ESTAT:ILC_DI01$DEFAULTVIEW(1.0),10/05/23 23:00:00,A,Q3,TC,EUR,AT,2022,37263,
ESTAT:ILC_DI01$DEFAULTVIEW(1.0),10/05/23 23:00:00,A,Q3,TC,EUR,BE,2013,28650,
ESTAT:ILC_DI01$DEFAULTVIEW(1.0),10/05/23 23:00:00,A,Q3,TC,EUR,BE,2014,29210,
ESTAT:ILC_DI01$DEFAULTVIEW(1.0),10/05/23 23:00:00,A,Q3,TC,EUR,BE,2015,29113,
ESTAT:ILC_DI01$DEFAULTVIEW(1.0),10/05/23 23:00:00,A,Q3,TC,EUR,BE,2016,30251,
ESTAT:ILC_DI01$DEFAULTVIEW(1.0),10/05/23 23:00:00,A,Q3,TC,EUR,BE,2017,29956,
ESTAT:ILC_DI01$DEFAULTVIEW(1.0),10/05/23 23:00:00,A,Q3,TC,EUR,BE,2018,30887,
ESTAT:ILC_DI01$DEFAULTVIEW(1.0),10/05/23 23:00:00,A,Q3,TC,EUR,BE,2019,31739,b
ESTAT:ILC_DI01$DEFAULTVIEW(1.0),10/05/23 23:00:00,A,Q3,TC,EUR,BE,2020,33098,
ESTAT:ILC_DI01$DEFAULTVIEW(1.0),10/05/23 23:00:00,A,Q3,TC,EUR,BE,2021,33350,
ESTAT:ILC_DI01$DEFAULTVIEW(1.0),10/05/23 23:00:00,A,Q3,TC,EUR,BE,2022,35540,
ESTAT:ILC_DI01$DEFAULTVIEW(1.0),10/05/23 23:00:00,A,Q3,TC,EUR,BG,2013,4234,
ESTAT:ILC_DI01$DEFAULTVIEW(1.0),10/05/23 23:00:00,A,Q3,TC,EUR,BG,2014,4772,
ESTAT:ILC_DI01$DEFAULTVIEW(1.0),10/05/23 23:00:00,A,Q3,TC,EUR,BG,2015,4918,
ESTAT:ILC_DI01$DEFAULTVIEW(1.0),10/05/23 23:00:00,A,Q3,TC,EUR,BG,2016,4752,b
ESTAT:ILC_DI01$DEFAULTVIEW(1.0),10/05/23 23:00:00,A,Q3,TC,EUR,BG,2017,5453,
ESTAT:ILC_DI01$DEFAULTVIEW(1.0),10/05/23 23:00:00,A,Q3,TC,EUR,BG,2018,5466,
ESTAT:ILC_DI01$DEFAULTVIEW(1.0),10/05/23 23:00:00,A,Q3,TC,EUR,BG,2019,6438,
ESTAT:ILC_DI01$DEFAULTVIEW(1.0),10/05/23 23:00:00,A,Q3,TC,EUR,BG,2020,7001,
ESTAT:ILC_DI01$DEFAULTVIEW(1.0),10/05/23 23:00:00,A,Q3,TC,EUR,BG,2021,7763,
ESTAT:ILC_DI01$DEFAULTVIEW(1.0),10/05/23 23:00:00,A,Q3,TC,EUR,BG,2022,8416,
ESTAT:ILC_DI01$DEFAULTVIEW(1.0),10/05/23 23:00:00,A,Q3,TC,EUR,CH,2013,55263,
ESTAT:ILC_DI01$DEFAULTVIEW(1.0),10/05/23 23:00:00,A,Q3,TC,EUR,CH,2014,52487,b
ESTAT:ILC_DI01$DEFAULTVIEW(1.0),10/05/23 23:00:00,A,Q3,TC,EUR,CH,2015,53713,
ESTAT:ILC_DI01$DEFAULTVIEW(1.0),10/05/23 23:00:00,A,Q3,TC,EUR,CH,2016,60458,
ESTAT:ILC_DI01$DEFAULTVIEW(1.0),10/05/23 23:00:00,A,Q3,TC,EUR,CH,2017,59716,
ESTAT:ILC_DI01$DEFAULTVIEW(1.0),10/05/23 23:00:00,A,Q3,TC,EUR,CH,2018,58732,
ESTAT:ILC_DI01$DEFAULTVIEW(1.0),10/05/23 23:00:00,A,Q3,TC,EUR,CH,2019,56504,
ESTAT:ILC_DI01$DEFAULTVIEW(1.0),10/05/23 23:00:00,A,Q3,TC,EUR,CH,2020,59743,
ESTAT:ILC_DI01$DEFAULTVIEW(1.0),10/05/23 23:00:00,A,Q3,TC,EUR,CH,2021,62712,
ESTAT:ILC_DI01$DEFAULTVIEW(1.0),10/05/23 23:00:00,A,Q3,TC,EUR,CY,2013,22717,
ESTAT:ILC_DI01$DEFAULTVIEW(1.0),10/05/23 23:00:00,A,Q3,TC,EUR,CY,2014,21069,
ESTAT:ILC_DI01$DEFAULTVIEW(1.0),10/05/23 23:00:00,A,Q3,TC,EUR,CY,2015,19946,
ESTAT:ILC_DI01$DEFAULTVIEW(1.0),10/05/23 23:00:00,A,Q3,TC,EUR,CY,2016,20283,
ESTAT:ILC_DI01$DEFAULTVIEW(1.0),10/05/23 23:00:00,A,Q3,TC,EUR,CY,2017,20425,
ESTAT:ILC_DI01$DEFAULTVIEW(1.0),10/05/23 23:00:00,A,Q3,TC,EUR,CY,2018,20863,
ESTAT:ILC_DI01$DEFAULTVIEW(1.0),10/05/23 23:00:00,A,Q3,TC,EUR,CY,2019,22116,
ESTAT:ILC_DI01$DEFAULTVIEW(1.0),10/05/23 23:00:00,A,Q3,TC,EUR,CY,2020,22923,
ESTAT:ILC_DI01$DEFAULTVIEW(1.0),10/05/23 23:00:00,A,Q3,TC,EUR,CY,2021,22972,
ESTAT:ILC_DI01$DEFAULTVIEW(1.0),10/05/23 23:00:00,A,Q3,TC,EUR,CZ,2013,10110,
ESTAT:ILC_DI01$DEFAULTVIEW(1.0),10/05/23 23:00:00,A,Q3,TC,EUR,CZ,2014,9895,
ESTAT:ILC_DI01$DEFAULTVIEW(1.0),10/05/23 23:00:00,A,Q3,TC,EUR,CZ,2015,9728,
ESTAT:ILC_DI01$DEFAULTVIEW(1.0),10/05/23 23:00:00,A,Q3,TC,EUR,CZ,2016,10270,
ESTAT:ILC_DI01$DEFAULTVIEW(1.0),10/05/23 23:00:00,A,Q3,TC,EUR,CZ,2017,10873,
ESTAT:ILC_DI01$DEFAULTVIEW(1.0),10/05/23 23:00:00,A,Q3,TC,EUR,CZ,2018,11896,
ESTAT:ILC_DI01$DEFAULTVIEW(1.0),10/05/23 23:00:00,A,Q3,TC,EUR,CZ,2019,13155,
ESTAT:ILC_DI01$DEFAULTVIEW(1.0),10/05/23 23:00:00,A,Q3,TC,EUR,CZ,2020,14219,
ESTAT:ILC_DI01$DEFAULTVIEW(1.0),10/05/23 23:00:00,A,Q3,TC,EUR,CZ,2021,13992,
ESTAT:ILC_DI01$DEFAULTVIEW(1.0),10/05/23 23:00:00,A,Q3,TC,EUR,DE,2013,27086,
ESTAT:ILC_DI01$DEFAULTVIEW(1.0),10/05/23 23:00:00,A,Q3,TC,EUR,DE,2014,27699,
ESTAT:ILC_DI01$DEFAULTVIEW(1.0),10/05/23 23:00:00,A,Q3,TC,EUR,DE,2015,28671,
ESTAT:ILC_DI01$DEFAULTVIEW(1.0),10/05/23 23:00:00,A,Q3,TC,EUR,DE,2016,29156,
ESTAT:ILC_DI01$DEFAULTVIEW(1.0),10/05/23 23:00:00,A,Q3,TC,EUR,DE,2017,30033,
ESTAT:ILC_DI01$DEFAULTVIEW(1.0),10/05/23 23:00:00,A,Q3,TC,EUR,DE,2018,30869,
ESTAT:ILC_DI01$DEFAULTVIEW(1.0),10/05/23 23:00:00,A,Q3,TC,EUR,DE,2019,31533,
ESTAT:ILC_DI01$DEFAULTVIEW(1.0),10/05/23 23:00:00,A,Q3,TC,EUR,DE,2020,35798,b
ESTAT:ILC_DI01$DEFAULTVIEW(1.0),10/05/23 23:00:00,A,Q3,TC,EUR,DE,2021,35088,
ESTAT:ILC_DI01$DEFAULTVIEW(1.0),10/05/23 23:00:00,A,Q3,TC,EUR,DK,2013,35682,
ESTAT:ILC_DI01$DEFAULTVIEW(1.0),10/05/23 23:00:00,A,Q3,TC,EUR,DK,2014,36626,
ESTAT:ILC_DI01$DEFAULTVIEW(1.0),10/05/23 23:00:00,A,Q3,TC,EUR,DK,2015,37092,
ESTAT:ILC_DI01$DEFAULTVIEW(1.0),10/05/23 23:00:00,A,Q3,TC,EUR,DK,2016,37737,
ESTAT:ILC_DI01$DEFAULTVIEW(1.0),10/05/23 23:00:00,A,Q3,TC,EUR,DK,2017,38465,
ESTAT:ILC_DI01$DEFAULTVIEW(1.0),10/05/23 23:00:00,A,Q3,TC,EUR,DK,2018,39646,
ESTAT:ILC_DI01$DEFAULTVIEW(1.0),10/05/23 23:00:00,A,Q3,TC,EUR,DK,2019,40845,
ESTAT:ILC_DI01$DEFAULTVIEW(1.0),10/05/23 23:00:00,A,Q3,TC,EUR,DK,2020,40194,b
ESTAT:ILC_DI01$DEFAULTVIEW(1.0),10/05/23 23:00:00,A,Q3,TC,EUR,DK,2021,42356,
ESTAT:ILC_DI01$DEFAULTVIEW(1.0),10/05/23 23:00:00,A,Q3,TC,EUR,EA,2013,24142,
ESTAT:ILC_DI01$DEFAULTVIEW(1.0),10/05/23 23:00:00,A,Q3,TC,EUR,EA,2014,24340,e
ESTAT:ILC_DI01$DEFAULTVIEW(1.0),10/05/23 23:00:00,A,Q3,TC,EUR,EA,2015,24622,e
ESTAT:ILC_DI01$DEFAULTVIEW(1.0),10/05/23 23:00:00,A,Q3,TC,EUR,EA,2016,25169,e
ESTAT:ILC_DI01$DEFAULTVIEW(1.0),10/05/23 23:00:00,A,Q3,TC,EUR,EA,2017,25772,e
ESTAT:ILC_DI01$DEFAULTVIEW(1.0),10/05/23 23:00:00,A,Q3,TC,EUR,EA,2018,26262,e
ESTAT:ILC_DI01$DEFAULTVIEW(1.0),10/05/23 23:00:00,A,Q3,TC,EUR,EA,2019,26917,
ESTAT:ILC_DI01$DEFAULTVIEW(1.0),10/05/23 23:00:00,A,Q3,TC,EUR,EA,2020,28619,b
ESTAT:ILC_DI01$DEFAULTVIEW(1.0),10/05/23 23:00:00,A,Q3,TC,EUR,EA,2021,28675,
ESTAT:ILC_DI01$DEFAULTVIEW(1.0),10/05/23 23:00:00,A,Q3,TC,EUR,EA18,2013,24039,
ESTAT:ILC_DI01$DEFAULTVIEW(1.0),10/05/23 23:00:00,A,Q3,TC,EUR,EA18,2014,24340,
ESTAT:ILC_DI01$DEFAULTVIEW(1.0),10/05/23 23:00:00,A,Q3,TC,EUR,EA18,2015,24768,
ESTAT:ILC_DI01$DEFAULTVIEW(1.0),10/05/23 23:00:00,A,Q3,TC,EUR,EA18,2016,25313,
ESTAT:ILC_DI01$DEFAULTVIEW(1.0),10/05/23 23:00:00,A,Q3,TC,EUR,EA18,2017,25913,
ESTAT:ILC_DI01$DEFAULTVIEW(1.0),10/05/23 23:00:00,A,Q3,TC,EUR,EA18,2018,26396,
ESTAT:ILC_DI01$DEFAULTVIEW(1.0),10/05/23 23:00:00,A,Q3,TC,EUR,EA18,2019,27046,
ESTAT:ILC_DI01$DEFAULTVIEW(1.0),10/05/23 23:00:00,A,Q3,TC,EUR,EA18,2020,28753,b
ESTAT:ILC_DI01$DEFAULTVIEW(1.0),10/05/23 23:00:00,A,Q3,TC,EUR,EA19,2013,23885,
ESTAT:ILC_DI01$DEFAULTVIEW(1.0),10/05/23 23:00:00,A,Q3,TC,EUR,EA19,2014,24189,
ESTAT:ILC_DI01$DEFAULTVIEW(1.0),10/05/23 23:00:00,A,Q3,TC,EUR,EA19,2015,24622,
ESTAT:ILC_DI01$DEFAULTVIEW(1.0),10/05/23 23:00:00,A,Q3,TC,EUR,EA19,2016,25169,
ESTAT:ILC_DI01$DEFAULTVIEW(1.0),10/05/23 23:00:00,A,Q3,TC,EUR,EA19,2017,25772,
ESTAT:ILC_DI01$DEFAULTVIEW(1.0),10/05/23 23:00:00,A,Q3,TC,EUR,EA19,2018,26262,
ESTAT:ILC_DI01$DEFAULTVIEW(1.0),10/05/23 23:00:00,A,Q3,TC,EUR,EA19,2019,26917,
ESTAT:ILC_DI01$DEFAULTVIEW(1.0),10/05/23 23:00:00,A,Q3,TC,EUR,EA19,2020,28619,b
ESTAT:ILC_DI01$DEFAULTVIEW(1.0),10/05/23 23:00:00,A,Q3,TC,EUR,EA19,2021,28675,
ESTAT:ILC_DI01$DEFAULTVIEW(1.0),10/05/23 23:00:00,A,Q3,TC,EUR,EE,2013,9925,
ESTAT:ILC_DI01$DEFAULTVIEW(1.0),10/05/23 23:00:00,A,Q3,TC,EUR,EE,2014,11277,b
ESTAT:ILC_DI01$DEFAULTVIEW(1.0),10/05/23 23:00:00,A,Q3,TC,EUR,EE,2015,12041,
ESTAT:ILC_DI01$DEFAULTVIEW(1.0),10/05/23 23:00:00,A,Q3,TC,EUR,EE,2016,13185,
ESTAT:ILC_DI01$DEFAULTVIEW(1.0),10/05/23 23:00:00,A,Q3,TC,EUR,EE,2017,13944,
ESTAT:ILC_DI01$DEFAULTVIEW(1.0),10/05/23 23:00:00,A,Q3,TC,EUR,EE,2018,15459,
ESTAT:ILC_DI01$DEFAULTVIEW(1.0),10/05/23 23:00:00,A,Q3,TC,EUR,EE,2019,16532,
ESTAT:ILC_DI01$DEFAULTVIEW(1.0),10/05/23 23:00:00,A,Q3,TC,EUR,EE,2020,17464,
ESTAT:ILC_DI01$DEFAULTVIEW(1.0),10/05/23 23:00:00,A,Q3,TC,EUR,EE,2021,18082,
ESTAT:ILC_DI01$DEFAULTVIEW(1.0),10/05/23 23:00:00,A,Q3,TC,EUR,EE,2022,21845,
ESTAT:ILC_DI01$DEFAULTVIEW(1.0),10/05/23 23:00:00,A,Q3,TC,EUR,EL,2013,11692,
ESTAT:ILC_DI01$DEFAULTVIEW(1.0),10/05/23 23:00:00,A,Q3,TC,EUR,EL,2014,11000,
ESTAT:ILC_DI01$DEFAULTVIEW(1.0),10/05/23 23:00:00,A,Q3,TC,EUR,EL,2015,10860,
ESTAT:ILC_DI01$DEFAULTVIEW(1.0),10/05/23 23:00:00,A,Q3,TC,EUR,EL,2016,11000,
ESTAT:ILC_DI01$DEFAULTVIEW(1.0),10/05/23 23:00:00,A,Q3,TC,EUR,EL,2017,10993,
ESTAT:ILC_DI01$DEFAULTVIEW(1.0),10/05/23 23:00:00,A,Q3,TC,EUR,EL,2018,11200,
ESTAT:ILC_DI01$DEFAULTVIEW(1.0),10/05/23 23:00:00,A,Q3,TC,EUR,EL,2019,11625,
ESTAT:ILC_DI01$DEFAULTVIEW(1.0),10/05/23 23:00:00,A,Q3,TC,EUR,EL,2020,12367,
ESTAT:ILC_DI01$DEFAULTVIEW(1.0),10/05/23 23:00:00,A,Q3,TC,EUR,EL,2021,12308,
ESTAT:ILC_DI01$DEFAULTVIEW(1.0),10/05/23 23:00:00,A,Q3,TC,EUR,EL,2022,13375,
ESTAT:ILC_DI01$DEFAULTVIEW(1.0),10/05/23 23:00:00,A,Q3,TC,EUR,ES,2013,19963,
ESTAT:ILC_DI01$DEFAULTVIEW(1.0),10/05/23 23:00:00,A,Q3,TC,EUR,ES,2014,19973,
ESTAT:ILC_DI01$DEFAULTVIEW(1.0),10/05/23 23:00:00,A,Q3,TC,EUR,ES,2015,19852,
ESTAT:ILC_DI01$DEFAULTVIEW(1.0),10/05/23 23:00:00,A,Q3,TC,EUR,ES,2016,20413,
ESTAT:ILC_DI01$DEFAULTVIEW(1.0),10/05/23 23:00:00,A,Q3,TC,EUR,ES,2017,21189,
ESTAT:ILC_DI01$DEFAULTVIEW(1.0),10/05/23 23:00:00,A,Q3,TC,EUR,ES,2018,21656,
ESTAT:ILC_DI01$DEFAULTVIEW(1.0),10/05/23 23:00:00,A,Q3,TC,EUR,ES,2019,22024,
ESTAT:ILC_DI01$DEFAULTVIEW(1.0),10/05/23 23:00:00,A,Q3,TC,EUR,ES,2020,23295,
ESTAT:ILC_DI01$DEFAULTVIEW(1.0),10/05/23 23:00:00,A,Q3,TC,EUR,ES,2021,23213,
ESTAT:ILC_DI01$DEFAULTVIEW(1.0),10/05/23 23:00:00,A,Q3,TC,EUR,ES,2022,24389,
ESTAT:ILC_DI01$DEFAULTVIEW(1.0),10/05/23 23:00:00,A,Q3,TC,EUR,EU,2013,21402,
ESTAT:ILC_DI01$DEFAULTVIEW(1.0),10/05/23 23:00:00,A,Q3,TC,EUR,EU,2014,22080,e
ESTAT:ILC_DI01$DEFAULTVIEW(1.0),10/05/23 23:00:00,A,Q3,TC,EUR,EU,2015,22526,e
ESTAT:ILC_DI01$DEFAULTVIEW(1.0),10/05/23 23:00:00,A,Q3,TC,EUR,EU,2016,22901,e
ESTAT:ILC_DI01$DEFAULTVIEW(1.0),10/05/23 23:00:00,A,Q3,TC,EUR,EU,2017,23439,e
ESTAT:ILC_DI01$DEFAULTVIEW(1.0),10/05/23 23:00:00,A,Q3,TC,EUR,EU,2018,24355,e
ESTAT:ILC_DI01$DEFAULTVIEW(1.0),10/05/23 23:00:00,A,Q3,TC,EUR,EU,2019,24609,e
ESTAT:ILC_DI01$DEFAULTVIEW(1.0),10/05/23 23:00:00,A,Q3,TC,EUR,EU27_2007,2013,21522,
ESTAT:ILC_DI01$DEFAULTVIEW(1.0),10/05/23 23:00:00,A,Q3,TC,EUR,EU27_2007,2014,22206,
ESTAT:ILC_DI01$DEFAULTVIEW(1.0),10/05/23 23:00:00,A,Q3,TC,EUR,EU27_2007,2015,22651,
ESTAT:ILC_DI01$DEFAULTVIEW(1.0),10/05/23 23:00:00,A,Q3,TC,EUR,EU27_2007,2016,23024,
ESTAT:ILC_DI01$DEFAULTVIEW(1.0),10/05/23 23:00:00,A,Q3,TC,EUR,EU27_2007,2017,23561,
ESTAT:ILC_DI01$DEFAULTVIEW(1.0),10/05/23 23:00:00,A,Q3,TC,EUR,EU27_2007,2018,24479,e
ESTAT:ILC_DI01$DEFAULTVIEW(1.0),10/05/23 23:00:00,A,Q3,TC,EUR,EU27_2007,2019,24726,e
ESTAT:ILC_DI01$DEFAULTVIEW(1.0),10/05/23 23:00:00,A,Q3,TC,EUR,EU27_2020,2013,20629,
ESTAT:ILC_DI01$DEFAULTVIEW(1.0),10/05/23 23:00:00,A,Q3,TC,EUR,EU27_2020,2014,20936,e
ESTAT:ILC_DI01$DEFAULTVIEW(1.0),10/05/23 23:00:00,A,Q3,TC,EUR,EU27_2020,2015,21321,e
ESTAT:ILC_DI01$DEFAULTVIEW(1.0),10/05/23 23:00:00,A,Q3,TC,EUR,EU27_2020,2016,21830,e
ESTAT:ILC_DI01$DEFAULTVIEW(1.0),10/05/23 23:00:00,A,Q3,TC,EUR,EU27_2020,2017,22383,e
ESTAT:ILC_DI01$DEFAULTVIEW(1.0),10/05/23 23:00:00,A,Q3,TC,EUR,EU27_2020,2018,23309,e
ESTAT:ILC_DI01$DEFAULTVIEW(1.0),10/05/23 23:00:00,A,Q3,TC,EUR,EU27_2020,2019,23624,e
ESTAT:ILC_DI01$DEFAULTVIEW(1.0),10/05/23 23:00:00,A,Q3,TC,EUR,EU27_2020,2020,25107,b
ESTAT:ILC_DI01$DEFAULTVIEW(1.0),10/05/23 23:00:00,A,Q3,TC,EUR,EU27_2020,2021,25285,
ESTAT:ILC_DI01$DEFAULTVIEW(1.0),10/05/23 23:00:00,A,Q3,TC,EUR,EU28,2013,21402,
ESTAT:ILC_DI01$DEFAULTVIEW(1.0),10/05/23 23:00:00,A,Q3,TC,EUR,EU28,2014,22080,
ESTAT:ILC_DI01$DEFAULTVIEW(1.0),10/05/23 23:00:00,A,Q3,TC,EUR,EU28,2015,22526,
ESTAT:ILC_DI01$DEFAULTVIEW(1.0),10/05/23 23:00:00,A,Q3,TC,EUR,EU28,2016,22901,
ESTAT:ILC_DI01$DEFAULTVIEW(1.0),10/05/23 23:00:00,A,Q3,TC,EUR,EU28,2017,23439,
ESTAT:ILC_DI01$DEFAULTVIEW(1.0),10/05/23 23:00:00,A,Q3,TC,EUR,EU28,2018,24355,e
ESTAT:ILC_DI01$DEFAULTVIEW(1.0),10/05/23 23:00:00,A,Q3,TC,EUR,EU28,2019,24609,e
ESTAT:ILC_DI01$DEFAULTVIEW(1.0),10/05/23 23:00:00,A,Q3,TC,EUR,FI,2013,31069,
ESTAT:ILC_DI01$DEFAULTVIEW(1.0),10/05/23 23:00:00,A,Q3,TC,EUR,FI,2014,31198,
ESTAT:ILC_DI01$DEFAULTVIEW(1.0),10/05/23 23:00:00,A,Q3,TC,EUR,FI,2015,31391,
ESTAT:ILC_DI01$DEFAULTVIEW(1.0),10/05/23 23:00:00,A,Q3,TC,EUR,FI,2016,31351,
ESTAT:ILC_DI01$DEFAULTVIEW(1.0),10/05/23 23:00:00,A,Q3,TC,EUR,FI,2017,31611,
ESTAT:ILC_DI01$DEFAULTVIEW(1.0),10/05/23 23:00:00,A,Q3,TC,EUR,FI,2018,32371,
ESTAT:ILC_DI01$DEFAULTVIEW(1.0),10/05/23 23:00:00,A,Q3,TC,EUR,FI,2019,33417,
ESTAT:ILC_DI01$DEFAULTVIEW(1.0),10/05/23 23:00:00,A,Q3,TC,EUR,FI,2020,34055,
ESTAT:ILC_DI01$DEFAULTVIEW(1.0),10/05/23 23:00:00,A,Q3,TC,EUR,FI,2021,33589,
ESTAT:ILC_DI01$DEFAULTVIEW(1.0),10/05/23 23:00:00,A,Q3,TC,EUR,FI,2022,34923,
ESTAT:ILC_DI01$DEFAULTVIEW(1.0),10/05/23 23:00:00,A,Q3,TC,EUR,FR,2013,28279,
ESTAT:ILC_DI01$DEFAULTVIEW(1.0),10/05/23 23:00:00,A,Q3,TC,EUR,FR,2014,28355,
ESTAT:ILC_DI01$DEFAULTVIEW(1.0),10/05/23 23:00:00,A,Q3,TC,EUR,FR,2015,28960,
ESTAT:ILC_DI01$DEFAULTVIEW(1.0),10/05/23 23:00:00,A,Q3,TC,EUR,FR,2016,29008,
ESTAT:ILC_DI01$DEFAULTVIEW(1.0),10/05/23 23:00:00,A,Q3,TC,EUR,FR,2017,29202,
ESTAT:ILC_DI01$DEFAULTVIEW(1.0),10/05/23 23:00:00,A,Q3,TC,EUR,FR,2018,29197,
ESTAT:ILC_DI01$DEFAULTVIEW(1.0),10/05/23 23:00:00,A,Q3,TC,EUR,FR,2019,29846,
ESTAT:ILC_DI01$DEFAULTVIEW(1.0),10/05/23 23:00:00,A,Q3,TC,EUR,FR,2020,29858,b
ESTAT:ILC_DI01$DEFAULTVIEW(1.0),10/05/23 23:00:00,A,Q3,TC,EUR,FR,2021,30451,
ESTAT:ILC_DI01$DEFAULTVIEW(1.0),10/05/23 23:00:00,A,Q3,TC,EUR,HR,2013,7432,
ESTAT:ILC_DI01$DEFAULTVIEW(1.0),10/05/23 23:00:00,A,Q3,TC,EUR,HR,2014,7431,
ESTAT:ILC_DI01$DEFAULTVIEW(1.0),10/05/23 23:00:00,A,Q3,TC,EUR,HR,2015,7662,
ESTAT:ILC_DI01$DEFAULTVIEW(1.0),10/05/23 23:00:00,A,Q3,TC,EUR,HR,2016,8078,
ESTAT:ILC_DI01$DEFAULTVIEW(1.0),10/05/23 23:00:00,A,Q3,TC,EUR,HR,2017,8669,
ESTAT:ILC_DI01$DEFAULTVIEW(1.0),10/05/23 23:00:00,A,Q3,TC,EUR,HR,2018,9325,
ESTAT:ILC_DI01$DEFAULTVIEW(1.0),10/05/23 23:00:00,A,Q3,TC,EUR,HR,2019,10156,
ESTAT:ILC_DI01$DEFAULTVIEW(1.0),10/05/23 23:00:00,A,Q3,TC,EUR,HR,2020,10849,
ESTAT:ILC_DI01$DEFAULTVIEW(1.0),10/05/23 23:00:00,A,Q3,TC,EUR,HR,2021,11168,
ESTAT:ILC_DI01$DEFAULTVIEW(1.0),10/05/23 23:00:00,A,Q3,TC,EUR,HR,2022,12011,
ESTAT:ILC_DI01$DEFAULTVIEW(1.0),10/05/23 23:00:00,A,Q3,TC,EUR,HU,2013,6016,
ESTAT:ILC_DI01$DEFAULTVIEW(1.0),10/05/23 23:00:00,A,Q3,TC,EUR,HU,2014,6084,
ESTAT:ILC_DI01$DEFAULTVIEW(1.0),10/05/23 23:00:00,A,Q3,TC,EUR,HU,2015,6302,
ESTAT:ILC_DI01$DEFAULTVIEW(1.0),10/05/23 23:00:00,A,Q3,TC,EUR,HU,2016,6554,
ESTAT:ILC_DI01$DEFAULTVIEW(1.0),10/05/23 23:00:00,A,Q3,TC,EUR,HU,2017,6814,
ESTAT:ILC_DI01$DEFAULTVIEW(1.0),10/05/23 23:00:00,A,Q3,TC,EUR,HU,2018,7334,
ESTAT:ILC_DI01$DEFAULTVIEW(1.0),10/05/23 23:00:00,A,Q3,TC,EUR,HU,2019,7946,
ESTAT:ILC_DI01$DEFAULTVIEW(1.0),10/05/23 23:00:00,A,Q3,TC,EUR,HU,2020,8840,
ESTAT:ILC_DI01$DEFAULTVIEW(1.0),10/05/23 23:00:00,A,Q3,TC,EUR,HU,2021,8872,
ESTAT:ILC_DI01$DEFAULTVIEW(1.0),10/05/23 23:00:00,A,Q3,TC,EUR,IE,2013,28722,
ESTAT:ILC_DI01$DEFAULTVIEW(1.0),10/05/23 23:00:00,A,Q3,TC,EUR,IE,2014,28985,
ESTAT:ILC_DI01$DEFAULTVIEW(1.0),10/05/23 23:00:00,A,Q3,TC,EUR,IE,2015,30483,
ESTAT:ILC_DI01$DEFAULTVIEW(1.0),10/05/23 23:00:00,A,Q3,TC,EUR,IE,2016,30831,
ESTAT:ILC_DI01$DEFAULTVIEW(1.0),10/05/23 23:00:00,A,Q3,TC,EUR,IE,2017,33043,
ESTAT:ILC_DI01$DEFAULTVIEW(1.0),10/05/23 23:00:00,A,Q3,TC,EUR,IE,2018,34501,
ESTAT:ILC_DI01$DEFAULTVIEW(1.0),10/05/23 23:00:00,A,Q3,TC,EUR,IE,2019,35420,
ESTAT:ILC_DI01$DEFAULTVIEW(1.0),10/05/23 23:00:00,A,Q3,TC,EUR,IE,2020,37004,b
ESTAT:ILC_DI01$DEFAULTVIEW(1.0),10/05/23 23:00:00,A,Q3,TC,EUR,IE,2021,38267,
ESTAT:ILC_DI01$DEFAULTVIEW(1.0),10/05/23 23:00:00,A,Q3,TC,EUR,IS,2013,27404,
ESTAT:ILC_DI01$DEFAULTVIEW(1.0),10/05/23 23:00:00,A,Q3,TC,EUR,IS,2014,28671,
ESTAT:ILC_DI01$DEFAULTVIEW(1.0),10/05/23 23:00:00,A,Q3,TC,EUR,IS,2015,31598,
ESTAT:ILC_DI01$DEFAULTVIEW(1.0),10/05/23 23:00:00,A,Q3,TC,EUR,IS,2016,36504,
ESTAT:ILC_DI01$DEFAULTVIEW(1.0),10/05/23 23:00:00,A,Q3,TC,EUR,IS,2017,43429,
ESTAT:ILC_DI01$DEFAULTVIEW(1.0),10/05/23 23:00:00,A,Q3,TC,EUR,IS,2018,50319,
ESTAT:ILC_DI01$DEFAULTVIEW(1.0),10/05/23 23:00:00,A,Q3,TC,EUR,IT,2013,22053,
ESTAT:ILC_DI01$DEFAULTVIEW(1.0),10/05/23 23:00:00,A,Q3,TC,EUR,IT,2014,22233,
ESTAT:ILC_DI01$DEFAULTVIEW(1.0),10/05/23 23:00:00,A,Q3,TC,EUR,IT,2015,22345,
ESTAT:ILC_DI01$DEFAULTVIEW(1.0),10/05/23 23:00:00,A,Q3,TC,EUR,IT,2016,22944,
ESTAT:ILC_DI01$DEFAULTVIEW(1.0),10/05/23 23:00:00,A,Q3,TC,EUR,IT,2017,23325,
ESTAT:ILC_DI01$DEFAULTVIEW(1.0),10/05/23 23:00:00,A,Q3,TC,EUR,IT,2018,23763,
ESTAT:ILC_DI01$DEFAULTVIEW(1.0),10/05/23 23:00:00,A,Q3,TC,EUR,IT,2019,24384,
ESTAT:ILC_DI01$DEFAULTVIEW(1.0),10/05/23 23:00:00,A,Q3,TC,EUR,IT,2020,25427,
ESTAT:ILC_DI01$DEFAULTVIEW(1.0),10/05/23 23:00:00,A,Q3,TC,EUR,IT,2021,25104,
ESTAT:ILC_DI01$DEFAULTVIEW(1.0),10/05/23 23:00:00,A,Q3,TC,EUR,LT,2013,6869,
ESTAT:ILC_DI01$DEFAULTVIEW(1.0),10/05/23 23:00:00,A,Q3,TC,EUR,LT,2014,7360,
ESTAT:ILC_DI01$DEFAULTVIEW(1.0),10/05/23 23:00:00,A,Q3,TC,EUR,LT,2015,8139,
ESTAT:ILC_DI01$DEFAULTVIEW(1.0),10/05/23 23:00:00,A,Q3,TC,EUR,LT,2016,8658,
ESTAT:ILC_DI01$DEFAULTVIEW(1.0),10/05/23 23:00:00,A,Q3,TC,EUR,LT,2017,9249,
ESTAT:ILC_DI01$DEFAULTVIEW(1.0),10/05/23 23:00:00,A,Q3,TC,EUR,LT,2018,10427,
ESTAT:ILC_DI01$DEFAULTVIEW(1.0),10/05/23 23:00:00,A,Q3,TC,EUR,LT,2019,11642,
ESTAT:ILC_DI01$DEFAULTVIEW(1.0),10/05/23 23:00:00,A,Q3,TC,EUR,LT,2020,12724,
ESTAT:ILC_DI01$DEFAULTVIEW(1.0),10/05/23 23:00:00,A,Q3,TC,EUR,LT,2021,14161,
ESTAT:ILC_DI01$DEFAULTVIEW(1.0),10/05/23 23:00:00,A,Q3,TC,EUR,LU,2013,46451,
ESTAT:ILC_DI01$DEFAULTVIEW(1.0),10/05/23 23:00:00,A,Q3,TC,EUR,LU,2014,48270,
ESTAT:ILC_DI01$DEFAULTVIEW(1.0),10/05/23 23:00:00,A,Q3,TC,EUR,LU,2015,48435,
ESTAT:ILC_DI01$DEFAULTVIEW(1.0),10/05/23 23:00:00,A,Q3,TC,EUR,LU,2016,46193,b
ESTAT:ILC_DI01$DEFAULTVIEW(1.0),10/05/23 23:00:00,A,Q3,TC,EUR,LU,2017,51019,
ESTAT:ILC_DI01$DEFAULTVIEW(1.0),10/05/23 23:00:00,A,Q3,TC,EUR,LU,2018,49394,
ESTAT:ILC_DI01$DEFAULTVIEW(1.0),10/05/23 23:00:00,A,Q3,TC,EUR,LU,2019,52089,
ESTAT:ILC_DI01$DEFAULTVIEW(1.0),10/05/23 23:00:00,A,Q3,TC,EUR,LU,2020,54153,b
ESTAT:ILC_DI01$DEFAULTVIEW(1.0),10/05/23 23:00:00,A,Q3,TC,EUR,LU,2021,59708,b
ESTAT:ILC_DI01$DEFAULTVIEW(1.0),10/05/23 23:00:00,A,Q3,TC,EUR,LV,2013,7167,
ESTAT:ILC_DI01$DEFAULTVIEW(1.0),10/05/23 23:00:00,A,Q3,TC,EUR,LV,2014,7919,
ESTAT:ILC_DI01$DEFAULTVIEW(1.0),10/05/23 23:00:00,A,Q3,TC,EUR,LV,2015,8824,
ESTAT:ILC_DI01$DEFAULTVIEW(1.0),10/05/23 23:00:00,A,Q3,TC,EUR,LV,2016,9530,
ESTAT:ILC_DI01$DEFAULTVIEW(1.0),10/05/23 23:00:00,A,Q3,TC,EUR,LV,2017,10030,
ESTAT:ILC_DI01$DEFAULTVIEW(1.0),10/05/23 23:00:00,A,Q3,TC,EUR,LV,2018,11010,
ESTAT:ILC_DI01$DEFAULTVIEW(1.0),10/05/23 23:00:00,A,Q3,TC,EUR,LV,2019,12352,
ESTAT:ILC_DI01$DEFAULTVIEW(1.0),10/05/23 23:00:00,A,Q3,TC,EUR,LV,2020,12808,
ESTAT:ILC_DI01$DEFAULTVIEW(1.0),10/05/23 23:00:00,A,Q3,TC,EUR,LV,2021,13919,
ESTAT:ILC_DI01$DEFAULTVIEW(1.0),10/05/23 23:00:00,A,Q3,TC,EUR,LV,2022,15133,
ESTAT:ILC_DI01$DEFAULTVIEW(1.0),10/05/23 23:00:00,A,Q3,TC,EUR,ME,2013,4821,
ESTAT:ILC_DI01$DEFAULTVIEW(1.0),10/05/23 23:00:00,A,Q3,TC,EUR,ME,2014,4696,
ESTAT:ILC_DI01$DEFAULTVIEW(1.0),10/05/23 23:00:00,A,Q3,TC,EUR,ME,2015,4837,
ESTAT:ILC_DI01$DEFAULTVIEW(1.0),10/05/23 23:00:00,A,Q3,TC,EUR,ME,2016,4889,
ESTAT:ILC_DI01$DEFAULTVIEW(1.0),10/05/23 23:00:00,A,Q3,TC,EUR,ME,2017,5113,
ESTAT:ILC_DI01$DEFAULTVIEW(1.0),10/05/23 23:00:00,A,Q3,TC,EUR,ME,2018,5488,
ESTAT:ILC_DI01$DEFAULTVIEW(1.0),10/05/23 23:00:00,A,Q3,TC,EUR,ME,2019,5437,
ESTAT:ILC_DI01$DEFAULTVIEW(1.0),10/05/23 23:00:00,A,Q3,TC,EUR,ME,2020,5692,
ESTAT:ILC_DI01$DEFAULTVIEW(1.0),10/05/23 23:00:00,A,Q3,TC,EUR,MK,2013,2989,
ESTAT:ILC_DI01$DEFAULTVIEW(1.0),10/05/23 23:00:00,A,Q3,TC,EUR,MK,2014,2999,
ESTAT:ILC_DI01$DEFAULTVIEW(1.0),10/05/23 23:00:00,A,Q3,TC,EUR,MK,2015,3192,
ESTAT:ILC_DI01$DEFAULTVIEW(1.0),10/05/23 23:00:00,A,Q3,TC,EUR,MK,2016,3324,
ESTAT:ILC_DI01$DEFAULTVIEW(1.0),10/05/23 23:00:00,A,Q3,TC,EUR,MK,2017,3507,
ESTAT:ILC_DI01$DEFAULTVIEW(1.0),10/05/23 23:00:00,A,Q3,TC,EUR,MK,2018,3723,
ESTAT:ILC_DI01$DEFAULTVIEW(1.0),10/05/23 23:00:00,A,Q3,TC,EUR,MK,2019,3891,
ESTAT:ILC_DI01$DEFAULTVIEW(1.0),10/05/23 23:00:00,A,Q3,TC,EUR,MK,2020,4286,
ESTAT:ILC_DI01$DEFAULTVIEW(1.0),10/05/23 23:00:00,A,Q3,TC,EUR,MT,2013,16250,
ESTAT:ILC_DI01$DEFAULTVIEW(1.0),10/05/23 23:00:00,A,Q3,TC,EUR,MT,2014,17441,
ESTAT:ILC_DI01$DEFAULTVIEW(1.0),10/05/23 23:00:00,A,Q3,TC,EUR,MT,2015,18516,
ESTAT:ILC_DI01$DEFAULTVIEW(1.0),10/05/23 23:00:00,A,Q3,TC,EUR,MT,2016,18895,
ESTAT:ILC_DI01$DEFAULTVIEW(1.0),10/05/23 23:00:00,A,Q3,TC,EUR,MT,2017,19809,
ESTAT:ILC_DI01$DEFAULTVIEW(1.0),10/05/23 23:00:00,A,Q3,TC,EUR,MT,2018,20207,
ESTAT:ILC_DI01$DEFAULTVIEW(1.0),10/05/23 23:00:00,A,Q3,TC,EUR,MT,2019,21249,
ESTAT:ILC_DI01$DEFAULTVIEW(1.0),10/05/23 23:00:00,A,Q3,TC,EUR,MT,2020,22947,
ESTAT:ILC_DI01$DEFAULTVIEW(1.0),10/05/23 23:00:00,A,Q3,TC,EUR,MT,2021,24292,
ESTAT:ILC_DI01$DEFAULTVIEW(1.0),10/05/23 23:00:00,A,Q3,TC,EUR,NL,2013,27266,
ESTAT:ILC_DI01$DEFAULTVIEW(1.0),10/05/23 23:00:00,A,Q3,TC,EUR,NL,2014,27673,
ESTAT:ILC_DI01$DEFAULTVIEW(1.0),10/05/23 23:00:00,A,Q3,TC,EUR,NL,2015,28135,
ESTAT:ILC_DI01$DEFAULTVIEW(1.0),10/05/23 23:00:00,A,Q3,TC,EUR,NL,2016,30327,b
ESTAT:ILC_DI01$DEFAULTVIEW(1.0),10/05/23 23:00:00,A,Q3,TC,EUR,NL,2017,31648,
ESTAT:ILC_DI01$DEFAULTVIEW(1.0),10/05/23 23:00:00,A,Q3,TC,EUR,NL,2018,31895,
ESTAT:ILC_DI01$DEFAULTVIEW(1.0),10/05/23 23:00:00,A,Q3,TC,EUR,NL,2019,32690,
ESTAT:ILC_DI01$DEFAULTVIEW(1.0),10/05/23 23:00:00,A,Q3,TC,EUR,NL,2020,34173,
ESTAT:ILC_DI01$DEFAULTVIEW(1.0),10/05/23 23:00:00,A,Q3,TC,EUR,NL,2021,36314,
ESTAT:ILC_DI01$DEFAULTVIEW(1.0),10/05/23 23:00:00,A,Q3,TC,EUR,NL,2022,38385,
ESTAT:ILC_DI01$DEFAULTVIEW(1.0),10/05/23 23:00:00,A,Q3,TC,EUR,NO,2013,53799,
ESTAT:ILC_DI01$DEFAULTVIEW(1.0),10/05/23 23:00:00,A,Q3,TC,EUR,NO,2014,55442,
ESTAT:ILC_DI01$DEFAULTVIEW(1.0),10/05/23 23:00:00,A,Q3,TC,EUR,NO,2015,52484,
ESTAT:ILC_DI01$DEFAULTVIEW(1.0),10/05/23 23:00:00,A,Q3,TC,EUR,NO,2016,50555,
ESTAT:ILC_DI01$DEFAULTVIEW(1.0),10/05/23 23:00:00,A,Q3,TC,EUR,NO,2017,49484,
ESTAT:ILC_DI01$DEFAULTVIEW(1.0),10/05/23 23:00:00,A,Q3,TC,EUR,NO,2018,50170,
ESTAT:ILC_DI01$DEFAULTVIEW(1.0),10/05/23 23:00:00,A,Q3,TC,EUR,NO,2019,50220,
ESTAT:ILC_DI01$DEFAULTVIEW(1.0),10/05/23 23:00:00,A,Q3,TC,EUR,NO,2020,50678,
ESTAT:ILC_DI01$DEFAULTVIEW(1.0),10/05/23 23:00:00,A,Q3,TC,EUR,PL,2013,7285,
ESTAT:ILC_DI01$DEFAULTVIEW(1.0),10/05/23 23:00:00,A,Q3,TC,EUR,PL,2014,7495,
ESTAT:ILC_DI01$DEFAULTVIEW(1.0),10/05/23 23:00:00,A,Q3,TC,EUR,PL,2015,7737,
ESTAT:ILC_DI01$DEFAULTVIEW(1.0),10/05/23 23:00:00,A,Q3,TC,EUR,PL,2016,8229,
ESTAT:ILC_DI01$DEFAULTVIEW(1.0),10/05/23 23:00:00,A,Q3,TC,EUR,PL,2017,8182,
ESTAT:ILC_DI01$DEFAULTVIEW(1.0),10/05/23 23:00:00,A,Q3,TC,EUR,PL,2018,8893,
ESTAT:ILC_DI01$DEFAULTVIEW(1.0),10/05/23 23:00:00,A,Q3,TC,EUR,PL,2019,9693,
ESTAT:ILC_DI01$DEFAULTVIEW(1.0),10/05/23 23:00:00,A,Q3,TC,EUR,PL,2020,10732,
ESTAT:ILC_DI01$DEFAULTVIEW(1.0),10/05/23 23:00:00,A,Q3,TC,EUR,PL,2021,11100,
ESTAT:ILC_DI01$DEFAULTVIEW(1.0),10/05/23 23:00:00,A,Q3,TC,EUR,PT,2013,11933,
ESTAT:ILC_DI01$DEFAULTVIEW(1.0),10/05/23 23:00:00,A,Q3,TC,EUR,PT,2014,12053,
ESTAT:ILC_DI01$DEFAULTVIEW(1.0),10/05/23 23:00:00,A,Q3,TC,EUR,PT,2015,12134,
ESTAT:ILC_DI01$DEFAULTVIEW(1.0),10/05/23 23:00:00,A,Q3,TC,EUR,PT,2016,12894,
ESTAT:ILC_DI01$DEFAULTVIEW(1.0),10/05/23 23:00:00,A,Q3,TC,EUR,PT,2017,12987,
ESTAT:ILC_DI01$DEFAULTVIEW(1.0),10/05/23 23:00:00,A,Q3,TC,EUR,PT,2018,13291,
ESTAT:ILC_DI01$DEFAULTVIEW(1.0),10/05/23 23:00:00,A,Q3,TC,EUR,PT,2019,14085,
ESTAT:ILC_DI01$DEFAULTVIEW(1.0),10/05/23 23:00:00,A,Q3,TC,EUR,PT,2020,15044,
ESTAT:ILC_DI01$DEFAULTVIEW(1.0),10/05/23 23:00:00,A,Q3,TC,EUR,PT,2021,15778,
ESTAT:ILC_DI01$DEFAULTVIEW(1.0),10/05/23 23:00:00,A,Q3,TC,EUR,RO,2013,3008,
ESTAT:ILC_DI01$DEFAULTVIEW(1.0),10/05/23 23:00:00,A,Q3,TC,EUR,RO,2014,3236,
ESTAT:ILC_DI01$DEFAULTVIEW(1.0),10/05/23 23:00:00,A,Q3,TC,EUR,RO,2015,3366,
ESTAT:ILC_DI01$DEFAULTVIEW(1.0),10/05/23 23:00:00,A,Q3,TC,EUR,RO,2016,3658,
ESTAT:ILC_DI01$DEFAULTVIEW(1.0),10/05/23 23:00:00,A,Q3,TC,EUR,RO,2017,4070,
ESTAT:ILC_DI01$DEFAULTVIEW(1.0),10/05/23 23:00:00,A,Q3,TC,EUR,RO,2018,5065,
ESTAT:ILC_DI01$DEFAULTVIEW(1.0),10/05/23 23:00:00,A,Q3,TC,EUR,RO,2019,5806,
ESTAT:ILC_DI01$DEFAULTVIEW(1.0),10/05/23 23:00:00,A,Q3,TC,EUR,RO,2020,6347,
ESTAT:ILC_DI01$DEFAULTVIEW(1.0),10/05/23 23:00:00,A,Q3,TC,EUR,RO,2021,7227,
ESTAT:ILC_DI01$DEFAULTVIEW(1.0),10/05/23 23:00:00,A,Q3,TC,EUR,RS,2013,3724,
ESTAT:ILC_DI01$DEFAULTVIEW(1.0),10/05/23 23:00:00,A,Q3,TC,EUR,RS,2014,3687,
ESTAT:ILC_DI01$DEFAULTVIEW(1.0),10/05/23 23:00:00,A,Q3,TC,EUR,RS,2015,3683,
ESTAT:ILC_DI01$DEFAULTVIEW(1.0),10/05/23 23:00:00,A,Q3,TC,EUR,RS,2016,3639,
ESTAT:ILC_DI01$DEFAULTVIEW(1.0),10/05/23 23:00:00,A,Q3,TC,EUR,RS,2017,3790,
ESTAT:ILC_DI01$DEFAULTVIEW(1.0),10/05/23 23:00:00,A,Q3,TC,EUR,RS,2018,3956,
ESTAT:ILC_DI01$DEFAULTVIEW(1.0),10/05/23 23:00:00,A,Q3,TC,EUR,RS,2019,4678,
ESTAT:ILC_DI01$DEFAULTVIEW(1.0),10/05/23 23:00:00,A,Q3,TC,EUR,RS,2020,5247,
ESTAT:ILC_DI01$DEFAULTVIEW(1.0),10/05/23 23:00:00,A,Q3,TC,EUR,RS,2021,5656,
ESTAT:ILC_DI01$DEFAULTVIEW(1.0),10/05/23 23:00:00,A,Q3,TC,EUR,SE,2013,33156,
ESTAT:ILC_DI01$DEFAULTVIEW(1.0),10/05/23 23:00:00,A,Q3,TC,EUR,SE,2014,34288,
ESTAT:ILC_DI01$DEFAULTVIEW(1.0),10/05/23 23:00:00,A,Q3,TC,EUR,SE,2015,33653,
ESTAT:ILC_DI01$DEFAULTVIEW(1.0),10/05/23 23:00:00,A,Q3,TC,EUR,SE,2016,33365,
ESTAT:ILC_DI01$DEFAULTVIEW(1.0),10/05/23 23:00:00,A,Q3,TC,EUR,SE,2017,33690,
ESTAT:ILC_DI01$DEFAULTVIEW(1.0),10/05/23 23:00:00,A,Q3,TC,EUR,SE,2018,34021,
ESTAT:ILC_DI01$DEFAULTVIEW(1.0),10/05/23 23:00:00,A,Q3,TC,EUR,SE,2019,32805,
ESTAT:ILC_DI01$DEFAULTVIEW(1.0),10/05/23 23:00:00,A,Q3,TC,EUR,SE,2020,32795,
ESTAT:ILC_DI01$DEFAULTVIEW(1.0),10/05/23 23:00:00,A,Q3,TC,EUR,SE,2021,33957,
ESTAT:ILC_DI01$DEFAULTVIEW(1.0),10/05/23 23:00:00,A,Q3,TC,EUR,SI,2013,15353,
ESTAT:ILC_DI01$DEFAULTVIEW(1.0),10/05/23 23:00:00,A,Q3,TC,EUR,SI,2014,15537,
ESTAT:ILC_DI01$DEFAULTVIEW(1.0),10/05/23 23:00:00,A,Q3,TC,EUR,SI,2015,15842,
ESTAT:ILC_DI01$DEFAULTVIEW(1.0),10/05/23 23:00:00,A,Q3,TC,EUR,SI,2016,15903,
ESTAT:ILC_DI01$DEFAULTVIEW(1.0),10/05/23 23:00:00,A,Q3,TC,EUR,SI,2017,16492,
ESTAT:ILC_DI01$DEFAULTVIEW(1.0),10/05/23 23:00:00,A,Q3,TC,EUR,SI,2018,17003,
ESTAT:ILC_DI01$DEFAULTVIEW(1.0),10/05/23 23:00:00,A,Q3,TC,EUR,SI,2019,18168,
ESTAT:ILC_DI01$DEFAULTVIEW(1.0),10/05/23 23:00:00,A,Q3,TC,EUR,SI,2020,18973,
ESTAT:ILC_DI01$DEFAULTVIEW(1.0),10/05/23 23:00:00,A,Q3,TC,EUR,SI,2021,19950,
ESTAT:ILC_DI01$DEFAULTVIEW(1.0),10/05/23 23:00:00,A,Q3,TC,EUR,SK,2013,8912,
ESTAT:ILC_DI01$DEFAULTVIEW(1.0),10/05/23 23:00:00,A,Q3,TC,EUR,SK,2014,8918,
ESTAT:ILC_DI01$DEFAULTVIEW(1.0),10/05/23 23:00:00,A,Q3,TC,EUR,SK,2015,8888,
ESTAT:ILC_DI01$DEFAULTVIEW(1.0),10/05/23 23:00:00,A,Q3,TC,EUR,SK,2016,8896,
ESTAT:ILC_DI01$DEFAULTVIEW(1.0),10/05/23 23:00:00,A,Q3,TC,EUR,SK,2017,8986,
ESTAT:ILC_DI01$DEFAULTVIEW(1.0),10/05/23 23:00:00,A,Q3,TC,EUR,SK,2018,9637,
ESTAT:ILC_DI01$DEFAULTVIEW(1.0),10/05/23 23:00:00,A,Q3,TC,EUR,SK,2019,10544,
ESTAT:ILC_DI01$DEFAULTVIEW(1.0),10/05/23 23:00:00,A,Q3,TC,EUR,SK,2020,10964,
ESTAT:ILC_DI01$DEFAULTVIEW(1.0),10/05/23 23:00:00,A,Q3,TC,EUR,SK,2021,10828,
ESTAT:ILC_DI01$DEFAULTVIEW(1.0),10/05/23 23:00:00,A,Q3,TC,EUR,TR,2013,5441,
ESTAT:ILC_DI01$DEFAULTVIEW(1.0),10/05/23 23:00:00,A,Q3,TC,EUR,TR,2014,5588,
ESTAT:ILC_DI01$DEFAULTVIEW(1.0),10/05/23 23:00:00,A,Q3,TC,EUR,TR,2015,5463,
ESTAT:ILC_DI01$DEFAULTVIEW(1.0),10/05/23 23:00:00,A,Q3,TC,EUR,TR,2016,5906,
ESTAT:ILC_DI01$DEFAULTVIEW(1.0),10/05/23 23:00:00,A,Q3,TC,EUR,TR,2017,6105,
ESTAT:ILC_DI01$DEFAULTVIEW(1.0),10/05/23 23:00:00,A,Q3,TC,EUR,TR,2018,5511,
ESTAT:ILC_DI01$DEFAULTVIEW(1.0),10/05/23 23:00:00,A,Q3,TC,EUR,TR,2019,4742,
ESTAT:ILC_DI01$DEFAULTVIEW(1.0),10/05/23 23:00:00,A,Q3,TC,EUR,TR,2020,4944,
ESTAT:ILC_DI01$DEFAULTVIEW(1.0),10/05/23 23:00:00,A,Q3,TC,EUR,TR,2021,4362,
ESTAT:ILC_DI01$DEFAULTVIEW(1.0),10/05/23 23:00:00,A,Q3,TC,EUR,UK,2013,26750,
ESTAT:ILC_DI01$DEFAULTVIEW(1.0),10/05/23 23:00:00,A,Q3,TC,EUR,UK,2014,29946,
ESTAT:ILC_DI01$DEFAULTVIEW(1.0),10/05/23 23:00:00,A,Q3,TC,EUR,UK,2015,30748,
ESTAT:ILC_DI01$DEFAULTVIEW(1.0),10/05/23 23:00:00,A,Q3,TC,EUR,UK,2016,30151,
ESTAT:ILC_DI01$DEFAULTVIEW(1.0),10/05/23 23:00:00,A,Q3,TC,EUR,UK,2017,30532,b
ESTAT:ILC_DI01$DEFAULTVIEW(1.0),10/05/23 23:00:00,A,Q3,TC,EUR,UK,2018,31185,
ESTAT:ILC_DI01$DEFAULTVIEW(1.0),10/05/23 23:00:00,A,Q3,TC,EUR,XK,2018,3437,
